run_id,n,q,w,secret_type,sigma,eta,success,iterations_used,time_elapsed,error
0,256,179067461,25,binomial,,2,True,2505,82949.96838331223,
1,256,179067461,25,binomial,,2,True,721,24290.338581085205,
2,256,179067461,25,binomial,,2,True,2698,88985.4385817051,
3,256,179067461,25,binomial,,2,True,2745,91233.48784160614,
4,256,179067461,25,binomial,,2,True,2455,81486.19001889229,
