run_id,n,q,w,secret_type,sigma,eta,success,iterations_used,time_elapsed,error
0,256,179067461,21,binomial,,2,True,729,14773.162971019745,
1,256,179067461,21,binomial,,2,True,452,9323.424450397491,
2,256,179067461,21,binomial,,2,True,16,799.5309610366821,
3,256,179067461,21,binomial,,2,True,688,13928.550916910172,
4,256,179067461,21,binomial,,2,True,1201,23907.50156188011,
