run_id,n,q,w,secret_type,sigma,eta,success,iterations_used,time_elapsed,error
0,256,179067461,20,binomial,,2,False,1563,30885.530846118927,
1,256,179067461,20,binomial,,2,True,584,11940.189284324646,
2,256,179067461,20,binomial,,2,True,632,12910.099961996078,
3,256,179067461,20,binomial,,2,True,305,6493.080446720123,
4,256,179067461,20,binomial,,2,True,447,9287.999110460281,
