run_id,n,q,w,secret_type,sigma,eta,success,iterations_used,time_elapsed,error
0,128,34088624597,15,binomial,,2,True,24,91.17284202575684,
1,128,34088624597,15,binomial,,2,True,3,46.23972201347351,
2,128,34088624597,15,binomial,,2,True,16,76.33616638183594,
3,128,34088624597,15,binomial,,2,True,5,46.7872211933136,
4,128,34088624597,15,binomial,,2,True,2,38.841259241104126,
