run_id,n,q,w,secret_type,sigma,eta,success,iterations_used,time_elapsed,error
0,1024,41223389,11,ternary,3.19,,True,942,29514.13868355751,
1,1024,41223389,11,ternary,3.19,,True,1289,39804.465276002884,
2,1024,41223389,11,ternary,3.19,,True,2221,70355.78525400162,
3,1024,41223389,11,ternary,3.19,,True,145,4763.992807149887,
4,1024,41223389,11,ternary,3.19,,True,591,18480.197706222534,
