run_id,n,q,w,secret_type,sigma,eta,success,iterations_used,time_elapsed,error
0,1024,274887787,10,ternary,3.19,,True,107,14175.741448640823,
1,1024,274887787,10,ternary,3.19,,True,2082,244456.60182833672,
2,1024,274887787,10,ternary,3.19,,True,124,16434.74797487259,
3,1024,274887787,10,ternary,3.19,,True,799,97133.31051421165,
4,1024,274887787,10,ternary,3.19,,True,57,8162.182681083679,
