run_id,n,q,w,secret_type,sigma,eta,success,iterations_used,time_elapsed,error
0,1024,274887787,9,ternary,3.19,,True,291,34150.191819906235,
1,1024,274887787,9,ternary,3.19,,True,33,4832.747069358826,
2,1024,274887787,9,ternary,3.19,,True,125,15358.521764755249,
3,1024,274887787,9,ternary,3.19,,True,187,22290.462849140167,
4,1024,274887787,9,ternary,3.19,,True,57,7571.096025943756,
